saison,href
2024-2025,https://www.flashscore.fr/match/tIKwo6Rh/#/resume-du-match
2024-2025,https://www.flashscore.fr/match/I1f2wFPq/#/resume-du-match
2024-2025,https://www.flashscore.fr/match/jiANpcX9/#/resume-du-match
2024-2025,https://www.flashscore.fr/match/AcCfsOQH/#/resume-du-match
2024-2025,https://www.flashscore.fr/match/xpEnqpd5/#/resume-du-match
2024-2025,https://www.flashscore.fr/match/f1MVnSdt/#/resume-du-match
2024-2025,https://www.flashscore.fr/match/UyMEnJ2c/#/resume-du-match
2024-2025,https://www.flashscore.fr/match/4bUSOFAj/#/resume-du-match
2024-2025,https://www.flashscore.fr/match/bHDVry2M/#/resume-du-match
2024-2025,https://www.flashscore.fr/match/jmdLSOBO/#/resume-du-match
2024-2025,https://www.flashscore.fr/match/ETLNJTSg/#/resume-du-match
2024-2025,https://www.flashscore.fr/match/rNhDUpsC/#/resume-du-match
2024-2025,https://www.flashscore.fr/match/r9DvGoSI/#/resume-du-match
2024-2025,https://www.flashscore.fr/match/AF5QwkKP/#/resume-du-match
2024-2025,https://www.flashscore.fr/match/nea4W6Ca/#/resume-du-match
2024-2025,https://www.flashscore.fr/match/Es1dYSsm/#/resume-du-match
2024-2025,https://www.flashscore.fr/match/MgPVH7c6/#/resume-du-match
2024-2025,https://www.flashscore.fr/match/fR5MLkbs/#/resume-du-match
2024-2025,https://www.flashscore.fr/match/CvbkNsIl/#/resume-du-match
2024-2025,https://www.flashscore.fr/match/tKk6JaHD/#/resume-du-match
2024-2025,https://www.flashscore.fr/match/ncEAUPPE/#/resume-du-match
2024-2025,https://www.flashscore.fr/match/YgnbLLn1/#/resume-du-match
2024-2025,https://www.flashscore.fr/match/f3RO6MX7/#/resume-du-match
2024-2025,https://www.flashscore.fr/match/Q9K8A4Yr/#/resume-du-match
2024-2025,https://www.flashscore.fr/match/beKjRBzK/#/resume-du-match
2024-2025,https://www.flashscore.fr/match/byYF8r3e/#/resume-du-match
2024-2025,https://www.flashscore.fr/match/rP7JS3fR/#/resume-du-match
2024-2025,https://www.flashscore.fr/match/be4SUYJc/#/resume-du-match
2024-2025,https://www.flashscore.fr/match/EBfZaEKN/#/resume-du-match
2024-2025,https://www.flashscore.fr/match/OxjpIezh/#/resume-du-match
2024-2025,https://www.flashscore.fr/match/rmMu7VRj/#/resume-du-match
2024-2025,https://www.flashscore.fr/match/hIs1EDZG/#/resume-du-match
2024-2025,https://www.flashscore.fr/match/phvgGZ44/#/resume-du-match
2024-2025,https://www.flashscore.fr/match/6L7zTClA/#/resume-du-match
2024-2025,https://www.flashscore.fr/match/nHzACi4T/#/resume-du-match
2024-2025,https://www.flashscore.fr/match/dWcbfhro/#/resume-du-match
2024-2025,https://www.flashscore.fr/match/nNeJYyMO/#/resume-du-match
2024-2025,https://www.flashscore.fr/match/YiZaoF5U/#/resume-du-match
2024-2025,https://www.flashscore.fr/match/tpHhmyyI/#/resume-du-match
2024-2025,https://www.flashscore.fr/match/pW2I3dLb/#/resume-du-match
2024-2025,https://www.flashscore.fr/match/x6aA5Ijn/#/resume-du-match
2024-2025,https://www.flashscore.fr/match/pINqkc65/#/resume-du-match
2024-2025,https://www.flashscore.fr/match/tbdR1zjB/#/resume-du-match
2024-2025,https://www.flashscore.fr/match/GxWShu7t/#/resume-du-match
2024-2025,https://www.flashscore.fr/match/C4PyiJyg/#/resume-du-match
2024-2025,https://www.flashscore.fr/match/Q77AzbiC/#/resume-du-match
2024-2025,https://www.flashscore.fr/match/MFAgvthm/#/resume-du-match
2024-2025,https://www.flashscore.fr/match/xQNnrkgL/#/resume-du-match
2024-2025,https://www.flashscore.fr/match/UN2Rz7oe/#/resume-du-match
2024-2025,https://www.flashscore.fr/match/xl6ZYpG7/#/resume-du-match
2024-2025,https://www.flashscore.fr/match/Is42xKMa/#/resume-du-match
2024-2025,https://www.flashscore.fr/match/WChnpBO8/#/resume-du-match
2024-2025,https://www.flashscore.fr/match/88EIxTGr/#/resume-du-match
2024-2025,https://www.flashscore.fr/match/jTmMdl8E/#/resume-du-match
2024-2025,https://www.flashscore.fr/match/jZ8VIYP9/#/resume-du-match
2024-2025,https://www.flashscore.fr/match/riCiOT1k/#/resume-du-match
2024-2025,https://www.flashscore.fr/match/C8LLTkvS/#/resume-du-match
2024-2025,https://www.flashscore.fr/match/pdU4XXv3/#/resume-du-match
2024-2025,https://www.flashscore.fr/match/UmnI9Und/#/resume-du-match
2024-2025,https://www.flashscore.fr/match/vJ50M7W1/#/resume-du-match
2024-2025,https://www.flashscore.fr/match/xj7wHCfM/#/resume-du-match
2024-2025,https://www.flashscore.fr/match/dzlABjIq/#/resume-du-match
2024-2025,https://www.flashscore.fr/match/jgXCVB9F/#/resume-du-match
2024-2025,https://www.flashscore.fr/match/2DSzci3j/#/resume-du-match
2024-2025,https://www.flashscore.fr/match/AFmd4ZAG/#/resume-du-match
2024-2025,https://www.flashscore.fr/match/KCJAS3s0/#/resume-du-match
2024-2025,https://www.flashscore.fr/match/U5ul6et4/#/resume-du-match
2024-2025,https://www.flashscore.fr/match/UJKMKfec/#/resume-du-match
2024-2025,https://www.flashscore.fr/match/Muxt8HBi/#/resume-du-match
2024-2025,https://www.flashscore.fr/match/rTo42DuT/#/resume-du-match
2024-2025,https://www.flashscore.fr/match/pE1q8Zeo/#/resume-du-match
2024-2025,https://www.flashscore.fr/match/vFZBQsCC/#/resume-du-match
2024-2025,https://www.flashscore.fr/match/08npCrcJ/#/resume-du-match
2024-2025,https://www.flashscore.fr/match/YeeTFQcf/#/resume-du-match
2024-2025,https://www.flashscore.fr/match/tbGlN85K/#/resume-du-match
2024-2025,https://www.flashscore.fr/match/SEvWZokQ/#/resume-du-match
2024-2025,https://www.flashscore.fr/match/QkY1a5DD/#/resume-du-match
2024-2025,https://www.flashscore.fr/match/vgbyE4S6/#/resume-du-match
2024-2025,https://www.flashscore.fr/match/xU1KHnTs/#/resume-du-match
2024-2025,https://www.flashscore.fr/match/naL2UPCm/#/resume-du-match
2024-2025,https://www.flashscore.fr/match/hOKf1Rr1/#/resume-du-match
2024-2025,https://www.flashscore.fr/match/W8Wo3mEl/#/resume-du-match
2024-2025,https://www.flashscore.fr/match/4bn7AVLE/#/resume-du-match
2024-2025,https://www.flashscore.fr/match/IsOPchx9/#/resume-du-match
2024-2025,https://www.flashscore.fr/match/vaJpzkp2/#/resume-du-match
2024-2025,https://www.flashscore.fr/match/C4aLnST7/#/resume-du-match
2024-2025,https://www.flashscore.fr/match/Q7RXeW6L/#/resume-du-match
2024-2025,https://www.flashscore.fr/match/Au34jAUr/#/resume-du-match
2024-2025,https://www.flashscore.fr/match/0QuG89jR/#/resume-du-match
2024-2025,https://www.flashscore.fr/match/I56Cllae/#/resume-du-match
2024-2025,https://www.flashscore.fr/match/vJPNstnB/#/resume-du-match
2024-2025,https://www.flashscore.fr/match/Cp34fJVG/#/resume-du-match
2024-2025,https://www.flashscore.fr/match/4Kaddu14/#/resume-du-match
2024-2025,https://www.flashscore.fr/match/r5Bmb1Wi/#/resume-du-match
2024-2025,https://www.flashscore.fr/match/CWNVuKGN/#/resume-du-match
2024-2025,https://www.flashscore.fr/match/dzY6oOnn/#/resume-du-match
2024-2025,https://www.flashscore.fr/match/6oLxxBFk/#/resume-du-match
2024-2025,https://www.flashscore.fr/match/riWEq2Hb/#/resume-du-match
2024-2025,https://www.flashscore.fr/match/WG42zbvo/#/resume-du-match
2024-2025,https://www.flashscore.fr/match/pd4lTtXH/#/resume-du-match
2024-2025,https://www.flashscore.fr/match/Awj6G3mC/#/resume-du-match
2024-2025,https://www.flashscore.fr/match/hM7dRK1U/#/resume-du-match
2024-2025,https://www.flashscore.fr/match/WhvFEsIO/#/resume-du-match
2024-2025,https://www.flashscore.fr/match/GGCXWOXh/#/resume-du-match
2024-2025,https://www.flashscore.fr/match/lUAuV225/#/resume-du-match
2024-2025,https://www.flashscore.fr/match/MHJOYp3t/#/resume-du-match
2024-2025,https://www.flashscore.fr/match/2DnbIPIa/#/resume-du-match
2024-2025,https://www.flashscore.fr/match/d0HcKolm/#/resume-du-match
2024-2025,https://www.flashscore.fr/match/Olld2DS1/#/resume-du-match
2024-2025,https://www.flashscore.fr/match/pMmu24YI/#/resume-du-match
2024-2025,https://www.flashscore.fr/match/GtdO5nZg/#/resume-du-match
2024-2025,https://www.flashscore.fr/match/AqgG784s/#/resume-du-match
2024-2025,https://www.flashscore.fr/match/0UVRP7QP/#/resume-du-match
2024-2025,https://www.flashscore.fr/match/GryrQGK8/#/resume-du-match
2024-2025,https://www.flashscore.fr/match/SMfm4Zck/#/resume-du-match
2024-2025,https://www.flashscore.fr/match/Im9H9ezS/#/resume-du-match
2024-2025,https://www.flashscore.fr/match/xdpX3Q36/#/resume-du-match
2024-2025,https://www.flashscore.fr/match/b59ZhlYj/#/resume-du-match
2024-2025,https://www.flashscore.fr/match/nRkUEVfA/#/resume-du-match
2024-2025,https://www.flashscore.fr/match/QB1LGiQc/#/resume-du-match
2024-2025,https://www.flashscore.fr/match/WWnG5RHd/#/resume-du-match
2024-2025,https://www.flashscore.fr/match/l8H0Dwy3/#/resume-du-match
2024-2025,https://www.flashscore.fr/match/dYK8BH5F/#/resume-du-match
2024-2025,https://www.flashscore.fr/match/bJl87mmp/#/resume-du-match
2024-2025,https://www.flashscore.fr/match/figxD9PM/#/resume-du-match
2024-2025,https://www.flashscore.fr/match/Gp6AbAAT/#/resume-du-match
2024-2025,https://www.flashscore.fr/match/UTsToXQN/#/resume-du-match
2024-2025,https://www.flashscore.fr/match/EuWhpKkJ/#/resume-du-match
2024-2025,https://www.flashscore.fr/match/Y1lKmgdB/#/resume-du-match
2024-2025,https://www.flashscore.fr/match/4Md3iycn/#/resume-du-match
2024-2025,https://www.flashscore.fr/match/vuBo4Eth/#/resume-du-match
2024-2025,https://www.flashscore.fr/match/n5Eg2hB4/#/resume-du-match
2024-2025,https://www.flashscore.fr/match/rX720WuH/#/resume-du-match
2024-2025,https://www.flashscore.fr/match/bqYbtBlo/#/resume-du-match
2024-2025,https://www.flashscore.fr/match/0ljCkFRb/#/resume-du-match
2024-2025,https://www.flashscore.fr/match/AsQgyP6l/#/resume-du-match
2024-2025,https://www.flashscore.fr/match/vNHAXt6D/#/resume-du-match
2024-2025,https://www.flashscore.fr/match/KdJMr7EE/#/resume-du-match
2024-2025,https://www.flashscore.fr/match/h2acepbK/#/resume-du-match
2024-2025,https://www.flashscore.fr/match/WdE2Z2y1/#/resume-du-match
2024-2025,https://www.flashscore.fr/match/vaZNtoqR/#/resume-du-match
2024-2025,https://www.flashscore.fr/match/hQspntL6/#/resume-du-match
2024-2025,https://www.flashscore.fr/match/p0vxl2jf/#/resume-du-match
2024-2025,https://www.flashscore.fr/match/lYpTkOLs/#/resume-du-match
2024-2025,https://www.flashscore.fr/match/nVutWTU8/#/resume-du-match
2024-2025,https://www.flashscore.fr/match/h8K6HUFF/#/resume-du-match
2024-2025,https://www.flashscore.fr/match/WMcg8Qx2/#/resume-du-match
2024-2025,https://www.flashscore.fr/match/vPIEF8pS/#/resume-du-match
2024-2025,https://www.flashscore.fr/match/b9aoAn8k/#/resume-du-match
2024-2025,https://www.flashscore.fr/match/S2WzL3M7/#/resume-du-match
2024-2025,https://www.flashscore.fr/match/OAZJOoNr/#/resume-du-match
2024-2025,https://www.flashscore.fr/match/WzwSMPie/#/resume-du-match
2024-2025,https://www.flashscore.fr/match/vwbmU7aL/#/resume-du-match
2024-2025,https://www.flashscore.fr/match/OUcd1IPH/#/resume-du-match
2024-2025,https://www.flashscore.fr/match/rZUMHwAb/#/resume-du-match
2024-2025,https://www.flashscore.fr/match/WhWcJjo3/#/resume-du-match
2024-2025,https://www.flashscore.fr/match/4nvCemgd/#/resume-du-match
2024-2025,https://www.flashscore.fr/match/IHSe3ve5/#/resume-du-match
2024-2025,https://www.flashscore.fr/match/8Kp3c9Oq/#/resume-du-match
2024-2025,https://www.flashscore.fr/match/Wf14adfU/#/resume-du-match
2024-2025,https://www.flashscore.fr/match/z9REJaun/#/resume-du-match
2024-2025,https://www.flashscore.fr/match/xYNVFHvB/#/resume-du-match
2024-2025,https://www.flashscore.fr/match/Ee8YgF0f/#/resume-du-match
2024-2025,https://www.flashscore.fr/match/p4Um50Qh/#/resume-du-match
2024-2025,https://www.flashscore.fr/match/zZA5hNtm/#/resume-du-match
2024-2025,https://www.flashscore.fr/match/bDeVnJAO/#/resume-du-match
2024-2025,https://www.flashscore.fr/match/lxyu7Met/#/resume-du-match
2024-2025,https://www.flashscore.fr/match/xb7MlutC/#/resume-du-match
2024-2025,https://www.flashscore.fr/match/v3PZcqJP/#/resume-du-match
2024-2025,https://www.flashscore.fr/match/zBdshgV6/#/resume-du-match
2024-2025,https://www.flashscore.fr/match/MRfkjXaJ/#/resume-du-match
2024-2025,https://www.flashscore.fr/match/S66OuPup/#/resume-du-match
2024-2025,https://www.flashscore.fr/match/6HPisxHl/#/resume-du-match
2024-2025,https://www.flashscore.fr/match/nTCJapXF/#/resume-du-match
2024-2025,https://www.flashscore.fr/match/EsTauGo1/#/resume-du-match
2024-2025,https://www.flashscore.fr/match/6V4QeyWs/#/resume-du-match
2024-2025,https://www.flashscore.fr/match/v39B1623/#/resume-du-match
2024-2025,https://www.flashscore.fr/match/noOg1c8K/#/resume-du-match
2024-2025,https://www.flashscore.fr/match/fiy8wfGD/#/resume-du-match
2024-2025,https://www.flashscore.fr/match/0K4Ww3Ad/#/resume-du-match
2024-2025,https://www.flashscore.fr/match/Qw81zU34/#/resume-du-match
2024-2025,https://www.flashscore.fr/match/M51AY7YG/#/resume-du-match
2024-2025,https://www.flashscore.fr/match/E3tkRPQj/#/resume-du-match
2024-2025,https://www.flashscore.fr/match/fJaIWo3T/#/resume-du-match
2024-2025,https://www.flashscore.fr/match/hCffxjZi/#/resume-du-match
2024-2025,https://www.flashscore.fr/match/8MPiooIM/#/resume-du-match
2024-2025,https://www.flashscore.fr/match/CGH7Enso/#/resume-du-match
2024-2025,https://www.flashscore.fr/match/0dMqm7mA/#/resume-du-match
2024-2025,https://www.flashscore.fr/match/vsYzkTIc/#/resume-du-match
2024-2025,https://www.flashscore.fr/match/6ZfxDZ5t/#/resume-du-match
2024-2025,https://www.flashscore.fr/match/SU02594U/#/resume-du-match
2024-2025,https://www.flashscore.fr/match/ChZKNjKb/#/resume-du-match
2024-2025,https://www.flashscore.fr/match/p6XSLUlB/#/resume-du-match
2024-2025,https://www.flashscore.fr/match/IgtCPCkn/#/resume-du-match
2024-2025,https://www.flashscore.fr/match/tYQyK8JN/#/resume-du-match
2024-2025,https://www.flashscore.fr/match/6FCg7VZH/#/resume-du-match
2024-2025,https://www.flashscore.fr/match/bk9o9i55/#/resume-du-match
2024-2025,https://www.flashscore.fr/match/vmgpBDzg/#/resume-du-match
2024-2025,https://www.flashscore.fr/match/hhlQ5IbD/#/resume-du-match
2024-2025,https://www.flashscore.fr/match/ObHze1pe/#/resume-du-match
2024-2025,https://www.flashscore.fr/match/8nivFMyR/#/resume-du-match
2024-2025,https://www.flashscore.fr/match/xrJSdNFr/#/resume-du-match
2024-2025,https://www.flashscore.fr/match/OCd990al/#/resume-du-match
2024-2025,https://www.flashscore.fr/match/KQAqguF7/#/resume-du-match
2024-2025,https://www.flashscore.fr/match/CKcVGr7E/#/resume-du-match
2024-2025,https://www.flashscore.fr/match/pSpI7vU0/#/resume-du-match
2024-2025,https://www.flashscore.fr/match/ppvl45N8/#/resume-du-match
2024-2025,https://www.flashscore.fr/match/zkPwWhT1/#/resume-du-match
2024-2025,https://www.flashscore.fr/match/2NocJFqd/#/resume-du-match
2024-2025,https://www.flashscore.fr/match/M5VGwpVA/#/resume-du-match
2024-2025,https://www.flashscore.fr/match/6ehlLyFq/#/resume-du-match
2024-2025,https://www.flashscore.fr/match/ripawyyS/#/resume-du-match
2024-2025,https://www.flashscore.fr/match/fHYrsJy3/#/resume-du-match
2024-2025,https://www.flashscore.fr/match/jqSiuc6F/#/resume-du-match
2024-2025,https://www.flashscore.fr/match/0js8u60b/#/resume-du-match
2024-2025,https://www.flashscore.fr/match/SOLVXEbk/#/resume-du-match
